[{"line":2,"elements":[{"start_timestamp":"2023-03-17T02:01:42.365Z","line":4,"name":"registation using google","description":"","id":"registation-process-using-social-media;registation-using-google","type":"scenario","keyword":"Scenario","steps":[{"result":{"error_message":"java.lang.NoSuchMethodError: 'com.google.common.collect.ImmutableMap com.google.common.collect.ImmutableMap.of(java.lang.Object, java.lang.Object, java.lang.Object, java.lang.Object, java.lang.Object, java.lang.Object, java.lang.Object, java.lang.Object, java.lang.Object, java.lang.Object, java.lang.Object, java.lang.Object)'\r\n\tat org.openqa.selenium.chrome.AddHasCasting.getAdditionalCommands(AddHasCasting.java:38)\r\n\tat org.openqa.selenium.chrome.ChromeDriver$ChromeDriverCommandExecutor.getExtraCommands(ChromeDriver.java:99)\r\n\tat org.openqa.selenium.chrome.ChromeDriver$ChromeDriverCommandExecutor.<init>(ChromeDriver.java:94)\r\n\tat org.openqa.selenium.chrome.ChromeDriver.<init>(ChromeDriver.java:82)\r\n\tat org.openqa.selenium.chrome.ChromeDriver.<init>(ChromeDriver.java:50)\r\n\tat stepdefination.registation.launching_the_url_using_user_defined(registation.java:13)\r\n\tat ✽.launching the url using user defined(file:///C:/Users/Rakhesh%20reddy%20gowrav/Malar/CucumberClasses/src/test/resources/FeatureFiles/Registation.feature:5)\r\n","duration":633004600,"status":"failed"},"line":5,"name":"launching the url using user defined","match":{"location":"stepdefination.registation.launching_the_url_using_user_defined()"},"keyword":"Given "},{"result":{"status":"skipped"},"line":6,"name":"generate the token","match":{"location":"stepdefination.registation.generate_the_token()"},"keyword":"And "},{"result":{"status":"skipped"},"line":7,"name":"after opening the url user need to ener all the required info into registation form","match":{"location":"stepdefination.registation.after_opening_the_url_user_need_to_ener_all_the_required_info_into_registation_form()"},"keyword":"When "},{"result":{"status":"skipped"},"line":8,"name":"enter the capth","match":{"location":"stepdefination.registation.enter_the_capth()"},"keyword":"And "},{"result":{"status":"skipped"},"line":9,"name":"select the confirmation you are not a robot","match":{"location":"stepdefination.registation.select_the_confirmation_you_are_not_a_robot()"},"keyword":"And "},{"result":{"duration":515200,"status":"skipped"},"line":10,"name":"validate the account is created or not","match":{"location":"stepdefination.registation.validate_the_account_is_created_or_not()"},"keyword":"Then "},{"result":{"status":"skipped"},"line":11,"name":"verify the email is sent to the secondary email or not","match":{"location":"stepdefination.registation.verify_the_email_is_sent_to_the_secondary_email_or_not()"},"keyword":"And "},{"result":{"duration":991300,"status":"skipped"},"line":12,"name":"verify the message is sent to the primay mobile number or not","match":{"location":"stepdefination.registation.verify_the_message_is_sent_to_the_primay_mobile_number_or_not()"},"keyword":"And "}],"tags":[{"name":"@Reg"}]},{"start_timestamp":"2023-03-17T02:01:43.109Z","line":14,"name":"registation using xyz","description":"","id":"registation-process-using-social-media;registation-using-xyz","type":"scenario","keyword":"Scenario","steps":[{"result":{"status":"passed"},"line":15,"name":"launching the url","match":{"location":"stepdefination.registation.launching_the_url()"},"keyword":"Given "},{"result":{"duration":1046300,"status":"passed"},"line":16,"name":"generate the token","match":{"location":"stepdefination.registation.generate_the_token()"},"keyword":"And "},{"result":{"status":"passed"},"line":17,"name":"after opening the url user need to ener all the required info into registation form","match":{"location":"stepdefination.registation.after_opening_the_url_user_need_to_ener_all_the_required_info_into_registation_form()"},"keyword":"When "},{"result":{"status":"passed"},"line":18,"name":"enter the capth","match":{"location":"stepdefination.registation.enter_the_capth()"},"keyword":"And "},{"result":{"duration":1002900,"status":"passed"},"line":19,"name":"select the confirmation you are not a robot","match":{"location":"stepdefination.registation.select_the_confirmation_you_are_not_a_robot()"},"keyword":"And "},{"result":{"status":"passed"},"line":20,"name":"validate the account is created or not","match":{"location":"stepdefination.registation.validate_the_account_is_created_or_not()"},"keyword":"Then "},{"result":{"status":"passed"},"line":21,"name":"verify the email is sent to the secondary email or not","match":{"location":"stepdefination.registation.verify_the_email_is_sent_to_the_secondary_email_or_not()"},"keyword":"And "},{"result":{"duration":2995600,"status":"passed"},"line":22,"name":"verify the message is sent to the primay mobile number or not","match":{"location":"stepdefination.registation.verify_the_message_is_sent_to_the_primay_mobile_number_or_not()"},"keyword":"And "}],"tags":[{"name":"@Reg"}]},{"start_timestamp":"2023-03-17T02:01:43.139Z","line":24,"name":"registation using FB","description":"","id":"registation-process-using-social-media;registation-using-fb","type":"scenario","keyword":"Scenario","steps":[{"result":{"status":"passed"},"line":25,"name":"launching the url","match":{"location":"stepdefination.registation.launching_the_url()"},"keyword":"Given "},{"result":{"status":"passed"},"line":26,"name":"generate the token","match":{"location":"stepdefination.registation.generate_the_token()"},"keyword":"And "},{"result":{"status":"passed"},"line":27,"name":"after opening the url user need to ener all the required info into registation form","match":{"location":"stepdefination.registation.after_opening_the_url_user_need_to_ener_all_the_required_info_into_registation_form()"},"keyword":"When "},{"result":{"status":"passed"},"line":28,"name":"enter the capth","match":{"location":"stepdefination.registation.enter_the_capth()"},"keyword":"And "},{"result":{"status":"passed"},"line":29,"name":"select the confirmation you are not a robot","match":{"location":"stepdefination.registation.select_the_confirmation_you_are_not_a_robot()"},"keyword":"And "},{"result":{"status":"passed"},"line":30,"name":"validate the account is created or not","match":{"location":"stepdefination.registation.validate_the_account_is_created_or_not()"},"keyword":"Then "},{"result":{"status":"passed"},"line":31,"name":"verify the email is sent to the secondary email or not","match":{"location":"stepdefination.registation.verify_the_email_is_sent_to_the_secondary_email_or_not()"},"keyword":"And "},{"result":{"duration":997600,"status":"passed"},"line":32,"name":"verify the message is sent to the primay mobile number or not","match":{"location":"stepdefination.registation.verify_the_message_is_sent_to_the_primay_mobile_number_or_not()"},"keyword":"And "}],"tags":[{"name":"@Reg"}]},{"start_timestamp":"2023-03-17T02:01:43.155Z","line":34,"name":"registation using Insta","description":"","id":"registation-process-using-social-media;registation-using-insta","type":"scenario","keyword":"Scenario","steps":[{"result":{"status":"passed"},"line":35,"name":"launching the url","match":{"location":"stepdefination.registation.launching_the_url()"},"keyword":"Given "},{"result":{"status":"passed"},"line":36,"name":"generate the token","match":{"location":"stepdefination.registation.generate_the_token()"},"keyword":"And "},{"result":{"duration":1001400,"status":"passed"},"line":37,"name":"after opening the url user need to ener all the required info into registation form","match":{"location":"stepdefination.registation.after_opening_the_url_user_need_to_ener_all_the_required_info_into_registation_form()"},"keyword":"When "},{"result":{"status":"passed"},"line":38,"name":"enter the capth","match":{"location":"stepdefination.registation.enter_the_capth()"},"keyword":"And "},{"result":{"status":"passed"},"line":39,"name":"select the confirmation you are not a robot","match":{"location":"stepdefination.registation.select_the_confirmation_you_are_not_a_robot()"},"keyword":"And "},{"result":{"duration":997800,"status":"passed"},"line":40,"name":"validate the account is created or not","match":{"location":"stepdefination.registation.validate_the_account_is_created_or_not()"},"keyword":"Then "},{"result":{"status":"passed"},"line":41,"name":"verify the email is sent to the secondary email or not","match":{"location":"stepdefination.registation.verify_the_email_is_sent_to_the_secondary_email_or_not()"},"keyword":"And "},{"result":{"status":"passed"},"line":42,"name":"verify the message is sent to the primay mobile number or not","match":{"location":"stepdefination.registation.verify_the_message_is_sent_to_the_primay_mobile_number_or_not()"},"keyword":"And "}],"tags":[{"name":"@Reg"}]},{"start_timestamp":"2023-03-17T02:01:43.183Z","line":56,"name":"registation using Insta","description":"","id":"registation-process-using-social-media;registation-using-insta;;2","type":"scenario","keyword":"Scenario Outline","steps":[{"result":{"duration":996500,"status":"passed"},"line":45,"name":"launching the url \"www.gmail.com\"","match":{"arguments":[{"val":"\"www.gmail.com\"","offset":18}],"location":"stepdefination.registation.launching_the_url(java.lang.String)"},"keyword":"Given "},{"result":{"status":"passed"},"line":46,"name":"generate the token","match":{"location":"stepdefination.registation.generate_the_token()"},"keyword":"And "},{"result":{"status":"passed"},"line":47,"name":"after opening the url user need to ener all the required info into registation form","match":{"location":"stepdefination.registation.after_opening_the_url_user_need_to_ener_all_the_required_info_into_registation_form()"},"keyword":"When "},{"result":{"duration":996300,"status":"passed"},"line":48,"name":"enter the capth","match":{"location":"stepdefination.registation.enter_the_capth()"},"keyword":"And "},{"result":{"status":"passed"},"line":49,"name":"select the confirmation you are not a robot","match":{"location":"stepdefination.registation.select_the_confirmation_you_are_not_a_robot()"},"keyword":"And "},{"result":{"status":"passed"},"line":50,"name":"validate the account is created or not","match":{"location":"stepdefination.registation.validate_the_account_is_created_or_not()"},"keyword":"Then "},{"result":{"status":"passed"},"line":51,"name":"verify the email is sent to the secondary email or not","match":{"location":"stepdefination.registation.verify_the_email_is_sent_to_the_secondary_email_or_not()"},"keyword":"And "},{"result":{"status":"passed"},"line":52,"name":"verify the message is sent to the primay mobile number or not","match":{"location":"stepdefination.registation.verify_the_message_is_sent_to_the_primay_mobile_number_or_not()"},"keyword":"And "}],"tags":[{"name":"@Reg"}]},{"start_timestamp":"2023-03-17T02:01:43.196Z","line":57,"name":"registation using Insta","description":"","id":"registation-process-using-social-media;registation-using-insta;;3","type":"scenario","keyword":"Scenario Outline","steps":[{"result":{"status":"passed"},"line":45,"name":"launching the url \"www.google.com\"","match":{"arguments":[{"val":"\"www.google.com\"","offset":18}],"location":"stepdefination.registation.launching_the_url(java.lang.String)"},"keyword":"Given "},{"result":{"status":"passed"},"line":46,"name":"generate the token","match":{"location":"stepdefination.registation.generate_the_token()"},"keyword":"And "},{"result":{"status":"passed"},"line":47,"name":"after opening the url user need to ener all the required info into registation form","match":{"location":"stepdefination.registation.after_opening_the_url_user_need_to_ener_all_the_required_info_into_registation_form()"},"keyword":"When "},{"result":{"status":"passed"},"line":48,"name":"enter the capth","match":{"location":"stepdefination.registation.enter_the_capth()"},"keyword":"And "},{"result":{"status":"passed"},"line":49,"name":"select the confirmation you are not a robot","match":{"location":"stepdefination.registation.select_the_confirmation_you_are_not_a_robot()"},"keyword":"And "},{"result":{"status":"passed"},"line":50,"name":"validate the account is created or not","match":{"location":"stepdefination.registation.validate_the_account_is_created_or_not()"},"keyword":"Then "},{"result":{"duration":996500,"status":"passed"},"line":51,"name":"verify the email is sent to the secondary email or not","match":{"location":"stepdefination.registation.verify_the_email_is_sent_to_the_secondary_email_or_not()"},"keyword":"And "},{"result":{"status":"passed"},"line":52,"name":"verify the message is sent to the primay mobile number or not","match":{"location":"stepdefination.registation.verify_the_message_is_sent_to_the_primay_mobile_number_or_not()"},"keyword":"And "}],"tags":[{"name":"@Reg"}]},{"start_timestamp":"2023-03-17T02:01:43.208Z","line":58,"name":"registation using Insta","description":"","id":"registation-process-using-social-media;registation-using-insta;;4","type":"scenario","keyword":"Scenario Outline","steps":[{"result":{"status":"passed"},"line":45,"name":"launching the url \"www.fd.com\"","match":{"arguments":[{"val":"\"www.fd.com\"","offset":18}],"location":"stepdefination.registation.launching_the_url(java.lang.String)"},"keyword":"Given "},{"result":{"duration":1509900,"status":"passed"},"line":46,"name":"generate the token","match":{"location":"stepdefination.registation.generate_the_token()"},"keyword":"And "},{"result":{"status":"passed"},"line":47,"name":"after opening the url user need to ener all the required info into registation form","match":{"location":"stepdefination.registation.after_opening_the_url_user_need_to_ener_all_the_required_info_into_registation_form()"},"keyword":"When "},{"result":{"status":"passed"},"line":48,"name":"enter the capth","match":{"location":"stepdefination.registation.enter_the_capth()"},"keyword":"And "},{"result":{"status":"passed"},"line":49,"name":"select the confirmation you are not a robot","match":{"location":"stepdefination.registation.select_the_confirmation_you_are_not_a_robot()"},"keyword":"And "},{"result":{"status":"passed"},"line":50,"name":"validate the account is created or not","match":{"location":"stepdefination.registation.validate_the_account_is_created_or_not()"},"keyword":"Then "},{"result":{"status":"passed"},"line":51,"name":"verify the email is sent to the secondary email or not","match":{"location":"stepdefination.registation.verify_the_email_is_sent_to_the_secondary_email_or_not()"},"keyword":"And "},{"result":{"duration":1001300,"status":"passed"},"line":52,"name":"verify the message is sent to the primay mobile number or not","match":{"location":"stepdefination.registation.verify_the_message_is_sent_to_the_primay_mobile_number_or_not()"},"keyword":"And "}],"tags":[{"name":"@Reg"}]},{"start_timestamp":"2023-03-17T02:01:43.221Z","line":59,"name":"registation using Insta","description":"","id":"registation-process-using-social-media;registation-using-insta;;5","type":"scenario","keyword":"Scenario Outline","steps":[{"result":{"status":"passed"},"line":45,"name":"launching the url \"www.insta.com\"","match":{"arguments":[{"val":"\"www.insta.com\"","offset":18}],"location":"stepdefination.registation.launching_the_url(java.lang.String)"},"keyword":"Given "},{"result":{"duration":1042100,"status":"passed"},"line":46,"name":"generate the token","match":{"location":"stepdefination.registation.generate_the_token()"},"keyword":"And "},{"result":{"status":"passed"},"line":47,"name":"after opening the url user need to ener all the required info into registation form","match":{"location":"stepdefination.registation.after_opening_the_url_user_need_to_ener_all_the_required_info_into_registation_form()"},"keyword":"When "},{"result":{"duration":994300,"status":"passed"},"line":48,"name":"enter the capth","match":{"location":"stepdefination.registation.enter_the_capth()"},"keyword":"And "},{"result":{"status":"passed"},"line":49,"name":"select the confirmation you are not a robot","match":{"location":"stepdefination.registation.select_the_confirmation_you_are_not_a_robot()"},"keyword":"And "},{"result":{"status":"passed"},"line":50,"name":"validate the account is created or not","match":{"location":"stepdefination.registation.validate_the_account_is_created_or_not()"},"keyword":"Then "},{"result":{"duration":995600,"status":"passed"},"line":51,"name":"verify the email is sent to the secondary email or not","match":{"location":"stepdefination.registation.verify_the_email_is_sent_to_the_secondary_email_or_not()"},"keyword":"And "},{"result":{"status":"passed"},"line":52,"name":"verify the message is sent to the primay mobile number or not","match":{"location":"stepdefination.registation.verify_the_message_is_sent_to_the_primay_mobile_number_or_not()"},"keyword":"And "}],"tags":[{"name":"@Reg"}]}],"name":"registation process using social media","description":"","id":"registation-process-using-social-media","keyword":"Feature","uri":"file:src/test/resources/FeatureFiles/Registation.feature","tags":[{"name":"@Reg","type":"Tag","location":{"line":1,"column":1}}]}]